{
  "phase": 6,
  "model": "LGBM+LR blend (alpha=0.5), CV-learned thresholds",
  "dataset": "CUAD v1",
  "n_test": 102,
  "n_clauses": 28,
  "aggregate": {
    "learned_thresholds": {
      "label": "Learned thresholds (production)",
      "macro_f1": 0.5984233216871964,
      "micro_f1": 0.6673356748620171,
      "macro_precision": 0.5870718940924399,
      "macro_recall": 0.7459400258701897
    },
    "fixed_0p5": {
      "label": "Fixed 0.5 threshold",
      "macro_f1": 0.5998616636198743,
      "micro_f1": 0.7605095541401274,
      "macro_precision": 0.6721082234299758,
      "macro_recall": 0.5797848640243182
    }
  },
  "by_risk_level": {
    "HIGH": {
      "n_clauses": 5,
      "mean_f1": 0.524396708828468,
      "mean_precision": 0.45850877192982453,
      "mean_recall": 0.6532806324110672,
      "mean_auc": 0.8153501829149874
    },
    "MEDIUM": {
      "n_clauses": 7,
      "mean_f1": 0.565970774641167,
      "mean_precision": 0.5382054624737582,
      "mean_recall": 0.8221296047658828,
      "mean_auc": 0.8309735755158256
    },
    "LOW": {
      "n_clauses": 16,
      "mean_f1": 0.6357546275381869,
      "mean_precision": 0.6486269336014303,
      "mean_recall": 0.7415631455592999,
      "mean_auc": 0.8984065842964419
    }
  },
  "per_clause": [
    {
      "clause": "Governing Law",
      "risk_level": "LOW",
      "n_positive": 91,
      "positive_rate": 0.8921568627450981,
      "threshold": 0.5,
      "f1": 0.9732620320855615,
      "precision": 0.9479166666666666,
      "recall": 1.0,
      "auc": 0.9150849150849151
    },
    {
      "clause": "License Grant",
      "risk_level": "LOW",
      "n_positive": 53,
      "positive_rate": 0.5196078431372549,
      "threshold": 0.43000000000000005,
      "f1": 0.9433962264150944,
      "precision": 0.9433962264150944,
      "recall": 0.9433962264150944,
      "auc": 0.9703504043126685
    },
    {
      "clause": "Anti-Assignment",
      "risk_level": "LOW",
      "n_positive": 75,
      "positive_rate": 0.7352941176470589,
      "threshold": 0.6100000000000001,
      "f1": 0.9240506329113924,
      "precision": 0.8795180722891566,
      "recall": 0.9733333333333334,
      "auc": 0.9155555555555556
    },
    {
      "clause": "Cap On Liability",
      "risk_level": "MEDIUM",
      "n_positive": 64,
      "positive_rate": 0.6274509803921569,
      "threshold": 0.33000000000000007,
      "f1": 0.9037037037037037,
      "precision": 0.8591549295774648,
      "recall": 0.953125,
      "auc": 0.9424342105263157
    },
    {
      "clause": "Insurance",
      "risk_level": "LOW",
      "n_positive": 32,
      "positive_rate": 0.3137254901960784,
      "threshold": 0.43000000000000005,
      "f1": 0.9014084507042254,
      "precision": 0.8205128205128205,
      "recall": 1.0,
      "auc": 0.9808035714285714
    },
    {
      "clause": "Audit Rights",
      "risk_level": "LOW",
      "n_positive": 47,
      "positive_rate": 0.46078431372549017,
      "threshold": 0.4700000000000001,
      "f1": 0.9,
      "precision": 0.8490566037735849,
      "recall": 0.9574468085106383,
      "auc": 0.9489361702127659
    },
    {
      "clause": "No-Solicit Of Employees",
      "risk_level": "MEDIUM",
      "n_positive": 12,
      "positive_rate": 0.11764705882352941,
      "threshold": 0.4700000000000001,
      "f1": 0.8,
      "precision": 1.0,
      "recall": 0.6666666666666666,
      "auc": 0.9898148148148149
    },
    {
      "clause": "Renewal Term",
      "risk_level": "LOW",
      "n_positive": 33,
      "positive_rate": 0.3235294117647059,
      "threshold": 0.4900000000000001,
      "f1": 0.7741935483870968,
      "precision": 0.8275862068965517,
      "recall": 0.7272727272727273,
      "auc": 0.9393939393939394
    },
    {
      "clause": "Warranty Duration",
      "risk_level": "LOW",
      "n_positive": 15,
      "positive_rate": 0.14705882352941177,
      "threshold": 0.31000000000000005,
      "f1": 0.7333333333333333,
      "precision": 0.7333333333333333,
      "recall": 0.7333333333333333,
      "auc": 0.9340996168582376
    },
    {
      "clause": "IP Ownership Assignment",
      "risk_level": "HIGH",
      "n_positive": 23,
      "positive_rate": 0.22549019607843138,
      "threshold": 0.4100000000000001,
      "f1": 0.723404255319149,
      "precision": 0.7083333333333334,
      "recall": 0.7391304347826086,
      "auc": 0.9020363236103466
    },
    {
      "clause": "Covenant Not To Sue",
      "risk_level": "MEDIUM",
      "n_positive": 20,
      "positive_rate": 0.19607843137254902,
      "threshold": 0.4100000000000001,
      "f1": 0.717948717948718,
      "precision": 0.7368421052631579,
      "recall": 0.7,
      "auc": 0.8932926829268293
    },
    {
      "clause": "Minimum Commitment",
      "risk_level": "LOW",
      "n_positive": 33,
      "positive_rate": 0.3235294117647059,
      "threshold": 0.31000000000000005,
      "f1": 0.7096774193548387,
      "precision": 0.55,
      "recall": 1.0,
      "auc": 0.9161176987263944
    },
    {
      "clause": "Revenue/Profit Sharing",
      "risk_level": "MEDIUM",
      "n_positive": 27,
      "positive_rate": 0.2647058823529412,
      "threshold": 0.4900000000000001,
      "f1": 0.6567164179104478,
      "precision": 0.55,
      "recall": 0.8148148148148148,
      "auc": 0.8859259259259259
    },
    {
      "clause": "Non-Transferable License",
      "risk_level": "LOW",
      "n_positive": 22,
      "positive_rate": 0.21568627450980393,
      "threshold": 0.5900000000000001,
      "f1": 0.6363636363636364,
      "precision": 0.6363636363636364,
      "recall": 0.6363636363636364,
      "auc": 0.897159090909091
    },
    {
      "clause": "Post-Termination Services",
      "risk_level": "LOW",
      "n_positive": 41,
      "positive_rate": 0.4019607843137255,
      "threshold": 0.45000000000000007,
      "f1": 0.6046511627906976,
      "precision": 0.5777777777777777,
      "recall": 0.6341463414634146,
      "auc": 0.7736905237904839
    },
    {
      "clause": "Change Of Control",
      "risk_level": "HIGH",
      "n_positive": 22,
      "positive_rate": 0.21568627450980393,
      "threshold": 0.4100000000000001,
      "f1": 0.5925925925925926,
      "precision": 0.5,
      "recall": 0.7272727272727273,
      "auc": 0.84375
    },
    {
      "clause": "Volume Restriction",
      "risk_level": "LOW",
      "n_positive": 17,
      "positive_rate": 0.16666666666666666,
      "threshold": 0.29000000000000004,
      "f1": 0.5882352941176471,
      "precision": 0.4411764705882353,
      "recall": 0.8823529411764706,
      "auc": 0.9211072664359863
    },
    {
      "clause": "ROFR/ROFO/ROFN",
      "risk_level": "LOW",
      "n_positive": 17,
      "positive_rate": 0.16666666666666666,
      "threshold": 0.39000000000000007,
      "f1": 0.5806451612903226,
      "precision": 0.6428571428571429,
      "recall": 0.5294117647058824,
      "auc": 0.9065743944636678
    },
    {
      "clause": "Termination For Convenience",
      "risk_level": "MEDIUM",
      "n_positive": 38,
      "positive_rate": 0.37254901960784315,
      "threshold": 0.33000000000000007,
      "f1": 0.5631067961165048,
      "precision": 0.4461538461538462,
      "recall": 0.7631578947368421,
      "auc": 0.7323190789473684
    },
    {
      "clause": "Notice Period To Terminate Renewal",
      "risk_level": "LOW",
      "n_positive": 19,
      "positive_rate": 0.18627450980392157,
      "threshold": 0.33000000000000007,
      "f1": 0.56,
      "precision": 0.45161290322580644,
      "recall": 0.7368421052631579,
      "auc": 0.8573240329740013
    },
    {
      "clause": "Uncapped Liability",
      "risk_level": "HIGH",
      "n_positive": 24,
      "positive_rate": 0.23529411764705882,
      "threshold": 0.5700000000000001,
      "f1": 0.5,
      "precision": 0.5,
      "recall": 0.5,
      "auc": 0.8498931623931624
    },
    {
      "clause": "Non-Compete",
      "risk_level": "HIGH",
      "n_positive": 25,