{
  "Renewal Term": 0.4900000000000001,
  "Notice Period To Terminate Renewal": 0.33000000000000007,
  "Governing Law": 0.5,
  "Most Favored Nation": 0.37000000000000005,
  "Non-Compete": 0.29000000000000004,
  "No-Solicit Of Customers": 0.21000000000000002,
  "No-Solicit Of Employees": 0.4700000000000001,
  "Non-Disparagement": 0.19000000000000003,
  "Termination For Convenience": 0.33000000000000007,
  "ROFR/ROFO/ROFN": 0.39000000000000007,
  "Change Of Control": 0.4100000000000001,
  "Anti-Assignment": 0.6100000000000001,
  "Revenue/Profit Sharing": 0.4900000000000001,
  "Minimum Commitment": 0.31000000000000005,
  "Volume Restriction": 0.29000000000000004,
  "IP Ownership Assignment": 0.4100000000000001,
  "License Grant": 0.43000000000000005,
  "Non-Transferable License": 0.5900000000000001,
  "Unlimited/All-You-Can-Eat-License": 0.43000000000000005,
  "Post-Termination Services": 0.45000000000000007,
  "Audit Rights": 0.4700000000000001,
  "Uncapped Liability": 0.5700000000000001,
  "Cap On Liability": 0.33000000000000007,
  "Liquidated Damages": 0.23000000000000004,
  "Warranty Duration": 0.31000000000000005,
  "Insurance": 0.43000000000000005,
  "Covenant Not To Sue": 0.4100000000000001,
  "Third Party Beneficiary": 0.43000000000000005
}