{
  "Renewal Term": 0.35049019607843135,
  "Notice Period To Terminate Renewal": 0.22549019607843138,
  "Governing Law": 0.8480392156862745,
  "Most Favored Nation": 0.051470588235294115,
  "Non-Compete": 0.3014705882352941,
  "No-Solicit Of Customers": 0.06372549019607843,
  "No-Solicit Of Employees": 0.11519607843137254,
  "Non-Disparagement": 0.07598039215686274,
  "Termination For Convenience": 0.3553921568627451,
  "ROFR/ROFO/ROFN": 0.16666666666666666,
  "Change Of Control": 0.2426470588235294,
  "Anti-Assignment": 0.7328431372549019,
  "Revenue/Profit Sharing": 0.34068627450980393,
  "Minimum Commitment": 0.3235294117647059,
  "Volume Restriction": 0.15931372549019607,
  "IP Ownership Assignment": 0.24754901960784315,
  "License Grant": 0.5024509803921569,
  "Non-Transferable License": 0.28431372549019607,
  "Unlimited/All-You-Can-Eat-License": 0.03431372549019608,
  "Post-Termination Services": 0.34558823529411764,
  "Audit Rights": 0.40931372549019607,
  "Uncapped Liability": 0.21323529411764705,
  "Cap On Liability": 0.5171568627450981,
  "Liquidated Damages": 0.11519607843137254,
  "Warranty Duration": 0.14705882352941177,
  "Insurance": 0.3284313725490196,
  "Covenant Not To Sue": 0.19607843137254902,
  "Third Party Beneficiary": 0.056372549019607844
}