{
  "trained_at": "2026-04-18T04:45:39.763192Z",
  "dataset": "CUAD v1",
  "n_contracts": 510,
  "n_train": 408,
  "n_test": 102,
  "n_clauses": 28,
  "alpha": 0.5,
  "seed": 42,
  "lgbm_params": {
    "n_estimators": 50,
    "max_depth": 4,
    "learning_rate": 0.15,
    "subsample": 0.8,
    "colsample_bytree": 0.4,
    "n_jobs": 1,
    "verbose": -1,
    "random_state": 42
  },
  "lr_params": {
    "C": 1.0,
    "max_iter": 500,
    "class_weight": "balanced",
    "solver": "saga",
    "n_jobs": -1
  },
  "vectorizer_features": 20000,
  "test_metrics": {
    "macro_f1": 0.5984233216871964,
    "micro_f1": 0.6673356748620171,
    "macro_precision": 0.5870718940924399,
    "macro_recall": 0.7459400258701897,
    "hr_f1": 0.524396708828468,
    "macro_auc": 0.8667168318545995
  },
  "inference_ms_per_contract": 5.040968165678136,
  "threshold_details": {
    "Renewal Term": {
      "best_t": 0.4900000000000001,
      "cv_f1_at_best": 0.769811320754717,
      "cv_f1_at_05": 0.7604562737642585,
      "positive_rate": 0.35049019607843135
    },
    "Notice Period To Terminate Renewal": {
      "best_t": 0.33000000000000007,
      "cv_f1_at_best": 0.684931506849315,
      "cv_f1_at_05": 0.6385542168674698,
      "positive_rate": 0.22549019607843138
    },
    "Governing Law": {
      "best_t": 0.5,
      "cv_f1_at_best": 0.9772079772079773,
      "cv_f1_at_05": 0.9772079772079773,
      "positive_rate": 0.8480392156862745
    },
    "Most Favored Nation": {
      "best_t": 0.37000000000000005,
      "cv_f1_at_best": 0.3508771929824561,
      "cv_f1_at_05": 0.15384615384615385,
      "positive_rate": 0.051470588235294115
    },
    "Non-Compete": {
      "best_t": 0.29000000000000004,
      "cv_f1_at_best": 0.6424242424242425,
      "cv_f1_at_05": 0.5851528384279476,
      "positive_rate": 0.3014705882352941
    },
    "No-Solicit Of Customers": {
      "best_t": 0.21000000000000002,
      "cv_f1_at_best": 0.17801047120418848,
      "cv_f1_at_05": 0.0,
      "positive_rate": 0.06372549019607843
    },
    "No-Solicit Of Employees": {
      "best_t": 0.4700000000000001,
      "cv_f1_at_best": 0.7469879518072289,
      "cv_f1_at_05": 0.7160493827160493,
      "positive_rate": 0.11519607843137254
    },
    "Non-Disparagement": {
      "best_t": 0.19000000000000003,
      "cv_f1_at_best": 0.26229508196721313,
      "cv_f1_at_05": 0.16216216216216217,
      "positive_rate": 0.07598039215686274
    },
    "Termination For Convenience": {
      "best_t": 0.33000000000000007,
      "cv_f1_at_best": 0.6312997347480106,
      "cv_f1_at_05": 0.5693950177935944,
      "positive_rate": 0.3553921568627451
    },
    "ROFR/ROFO/ROFN": {
      "best_t": 0.39000000000000007,
      "cv_f1_at_best": 0.5166666666666667,
      "cv_f1_at_05": 0.45714285714285713,
      "positive_rate": 0.16666666666666666
    },
    "Change Of Control": {
      "best_t": 0.4100000000000001,
      "cv_f1_at_best": 0.6274509803921569,
      "cv_f1_at_05": 0.6086956521739131,
      "positive_rate": 0.2426470588235294
    },
    "Anti-Assignment": {
      "best_t": 0.6100000000000001,
      "cv_f1_at_best": 0.9359605911330049,
      "cv_f1_at_05": 0.9320388349514563,
      "positive_rate": 0.7328431372549019
    },
    "Revenue/Profit Sharing": {
      "best_t": 0.4900000000000001,
      "cv_f1_at_best": 0.7335907335907336,
      "cv_f1_at_05": 0.7286821705426356,
      "positive_rate": 0.34068627450980393
    },
    "Minimum Commitment": {
      "best_t": 0.31000000000000005,
      "cv_f1_at_best": 0.7129909365558912,
      "cv_f1_at_05": 0.6981818181818182,
      "positive_rate": 0.3235294117647059
    },
    "Volume Restriction": {
      "best_t": 0.29000000000000004,
      "cv_f1_at_best": 0.4444444444444444,
      "cv_f1_at_05": 0.3695652173913043,
      "positive_rate": 0.15931372549019607
    },
    "IP Ownership Assignment": {
      "best_t": 0.4100000000000001,
      "cv_f1_at_best": 0.7403846153846154,
      "cv_f1_at_05": 0.6810810810810811,
      "positive_rate": 0.24754901960784315
    },
    "License Grant": {
      "best_t": 0.43000000000000005,
      "cv_f1_at_best": 0.9142857142857143,
      "cv_f1_at_05": 0.9117647058823529,
      "positive_rate": 0.5024509803921569
    },
    "Non-Transferable License": {
      "best_t": 0.5900000000000001,
      "cv_f1_at_best": 0.7837837837837838,
      "cv_f1_at_05": 0.7698744769874477,
      "positive_rate": 0.28431372549019607
    },
    "Unlimited/All-You-Can-Eat-License": {
      "best_t": 0.43000000000000005,
      "cv_f1_at_best": 0.35294117647058826,
      "cv_f1_at_05": 0.0,
      "positive_rate": 0.03431372549019608
    },
    "Post-Termination Services": {
      "best_t": 0.45000000000000007,
      "cv_f1_at_best": 0.6734006734006734,
      "cv_f1_at_05": 0.6476868327402135,
      "positive_rate": 0.34558823529411764
    },
    "Audit Rights": {
      "best_t": 0.4700000000000001,
      "cv_f1_at_best": 0.8823529411764706,
      "cv_f1_at_05": 0.8708708708708709,
      "positive_rate": 0.40931372549019607
    },
    "Uncapped Liability": {
      "best_t": 0.5700000000000001,
      "cv_f1_at_best": 0.7349397590361446,
      "cv_f1_at_05": 0.7272727272727273,
      "positive_rate": 0.21323529411764705
    },
    "Cap On Liability": {
      "best_t": 0.33000000000000007,
      "cv_f1_at_best": 0.908256880733945,
      "cv_f1_at_05": 0.9019607843137255,
      "positive_rate": 0.5171568627450981
    },
    "Liquidated Damages": {
      "best_t": 0.23000000000000004,
      "cv_f1_at_best": 0.36923076923076925,
      "cv_f1_at_05": 0.21875,
      "positive_rate": 0.11519607843137254
    },
    "Warranty Duration": {
      "best_t": 0.31000000000000005,
      "cv_f1_at_best": 0.7883211678832117,
      "cv_f1_at_05": 0.7008547008547008,
      "positive_rate": 0.14705882352941177
    },
    "Insurance": {
      "best_t": 0.43000000000000005,
      "cv_f1_at_best": 0.9104477611940298,
      "cv_f1_at_05": 0.9056603773584906,
      "positive_rate": 0.3284313725490196
    },
    "Covenant Not To Sue": {
      "best_t": 0.4100000000000001,
      "cv_f1_at_best": 0.6993865030674846,
      "cv_f1_at_05": 0.6713286713286714,
      "positive_rate": 0.19607843137254902
    },
    "Third Party Beneficiary": {
      "best_t": 0.43000000000000005,
      "cv_f1_at_best": 0.3684210526315789,
      "cv_f1_at_05": 0.26666666666666666,
      "positive_rate": 0.056372549019607844
    }
  },
  "per_clause_test": {
    "Renewal Term": {
      "f1": 0.7741935483870968,
      "precision": 0.8275862068965517,
      "recall": 0.7272727272727273,
      "n_positive": 33,
      "threshold": 0.4900000000000001
    },
    "Notice Period To Terminate Renewal": {
      "f1": 0.56,
      "precision": 0.45161290322580644,
      "recall": 0.7368421052631579,
      "n_positive": 19,
      "threshold": 0.33000000000000007
    },
    "Governing Law": {
      "f1": 0.9732620320855615,
      "precision": 0.9479166666666666,
      "recall": 1.0,
      "n_positive": 91,
      "threshold": 0.5
    },
    "Most Favored Nation": {
      "f1": 0.1518987341772152,
      "precision": 0.08333333333333333,
      "recall": 0.8571428571428571,
      "n_positive": 7,
      "threshold": 0.37000000000000005
    },
    "Non-Compete": {
      "f1": 0.4878048780487805,
      "precision": 0.3508771929824561,
      "recall": 0.8,
      "n_positive": 25,
      "threshold": 0.29000000000000004
    },
    "No-Solicit Of Customers": {
      "f1": 0.16842105263157894,
      "precision": 0.09195402298850575,
      "recall": 1.0,
      "n_positive": 8,
      "threshold": 0.21000000000000002
    },
    "No-Solicit Of Employees": {
      "f1": 0.8,
      "precision": 1.0,
      "recall": 0.6666666666666666,
      "n_positive": 12,
      "threshold": 0.4700000000000001
    },
    "Non-Disparagement": {
      "f1": 0.14285714285714285,
      "precision": 0.07692307692307693,
      "recall": 1.0,
      "n_positive": 7,
      "threshold": 0.19000000000000003
    },