{
  "trained_at": "2026-04-18T14:45:13.841777Z",
  "pipeline": "Phase 6 rework (Phase 5 champion)",
  "notes": "40K word 1-3gram TF-IDF + LGBM per-clause + class-prior thresholds. No LR blend. No CV. No test-set touch. Thresholds are training positive rates per clause \u2014 plug-in F1-optimal rule for calibrated classifiers.",
  "dataset": "CUAD v1",
  "n_contracts": 510,
  "n_train": 408,
  "n_test": 102,
  "n_clauses": 28,
  "seed": 42,
  "tfidf_max_features": 40000,
  "tfidf_ngram_range": [
    1,
    3
  ],
  "lgbm_params": {
    "n_estimators": 50,
    "max_depth": 4,
    "learning_rate": 0.15,
    "subsample": 0.8,
    "colsample_bytree": 0.4,
    "n_jobs": 1,
    "verbose": -1,
    "random_state": 42
  },
  "vectorizer_vocabulary_size": 40000,
  "test_metrics": {
    "macro_f1": 0.6470549408492714,
    "micro_f1": 0.7504342790966995,
    "macro_precision": 0.6081145262917359,
    "macro_recall": 0.705128261626407,
    "hr_f1": 0.5871950830140485,
    "macro_auc": 0.8690175125064258
  },
  "per_clause_test": {
    "Renewal Term": {
      "f1": 0.7692307692307693,
      "precision": 0.78125,
      "recall": 0.7575757575757576,
      "n_positive": 33,
      "threshold": 0.35049019607843135
    },
    "Notice Period To Terminate Renewal": {
      "f1": 0.5116279069767442,
      "precision": 0.4583333333333333,
      "recall": 0.5789473684210527,
      "n_positive": 19,
      "threshold": 0.22549019607843138
    },
    "Governing Law": {
      "f1": 0.978494623655914,
      "precision": 0.9578947368421052,
      "recall": 1.0,
      "n_positive": 91,
      "threshold": 0.8480392156862745
    },
    "Most Favored Nation": {
      "f1": 0.21052631578947367,
      "precision": 0.16666666666666666,
      "recall": 0.2857142857142857,
      "n_positive": 7,
      "threshold": 0.051470588235294115
    },
    "Non-Compete": {
      "f1": 0.53125,
      "precision": 0.4358974358974359,
      "recall": 0.68,
      "n_positive": 25,
      "threshold": 0.3014705882352941
    },
    "No-Solicit Of Customers": {
      "f1": 0.125,
      "precision": 0.125,
      "recall": 0.125,
      "n_positive": 8,
      "threshold": 0.06372549019607843
    },
    "No-Solicit Of Employees": {
      "f1": 0.8333333333333334,
      "precision": 0.8333333333333334,
      "recall": 0.8333333333333334,
      "n_positive": 12,
      "threshold": 0.11519607843137254
    },
    "Non-Disparagement": {
      "f1": 0.2857142857142857,
      "precision": 0.2857142857142857,
      "recall": 0.2857142857142857,
      "n_positive": 7,
      "threshold": 0.07598039215686274
    },
    "Termination For Convenience": {
      "f1": 0.5842696629213483,
      "precision": 0.5098039215686274,
      "recall": 0.6842105263157895,
      "n_positive": 38,
      "threshold": 0.3553921568627451
    },
    "ROFR/ROFO/ROFN": {
      "f1": 0.6285714285714286,
      "precision": 0.6111111111111112,
      "recall": 0.6470588235294118,
      "n_positive": 17,
      "threshold": 0.16666666666666666
    },
    "Change Of Control": {
      "f1": 0.5862068965517241,
      "precision": 0.4722222222222222,
      "recall": 0.7727272727272727,
      "n_positive": 22,
      "threshold": 0.2426470588235294
    },
    "Anti-Assignment": {
      "f1": 0.9299363057324841,
      "precision": 0.8902439024390244,
      "recall": 0.9733333333333334,
      "n_positive": 75,
      "threshold": 0.7328431372549019
    },
    "Revenue/Profit Sharing": {
      "f1": 0.6153846153846154,
      "precision": 0.5263157894736842,
      "recall": 0.7407407407407407,
      "n_positive": 27,
      "threshold": 0.34068627450980393
    },
    "Minimum Commitment": {
      "f1": 0.7341772151898734,
      "precision": 0.6304347826086957,
      "recall": 0.8787878787878788,
      "n_positive": 33,
      "threshold": 0.3235294117647059
    },
    "Volume Restriction": {
      "f1": 0.5777777777777777,
      "precision": 0.4642857142857143,
      "recall": 0.7647058823529411,
      "n_positive": 17,
      "threshold": 0.15931372549019607
    },
    "IP Ownership Assignment": {
      "f1": 0.6666666666666666,
      "precision": 0.64,
      "recall": 0.6956521739130435,
      "n_positive": 23,
      "threshold": 0.24754901960784315
    },
    "License Grant": {
      "f1": 0.9320388349514563,
      "precision": 0.96,
      "recall": 0.9056603773584906,
      "n_positive": 53,
      "threshold": 0.5024509803921569
    },
    "Non-Transferable License": {
      "f1": 0.6,
      "precision": 0.5357142857142857,
      "recall": 0.6818181818181818,
      "n_positive": 22,
      "threshold": 0.28431372549019607
    },
    "Unlimited/All-You-Can-Eat-License": {
      "f1": 0.5714285714285714,
      "precision": 0.5,
      "recall": 0.6666666666666666,
      "n_positive": 3,
      "threshold": 0.03431372549019608
    },
    "Post-Termination Services": {
      "f1": 0.6666666666666666,
      "precision": 0.6304347826086957,
      "recall": 0.7073170731707317,
      "n_positive": 41,
      "threshold": 0.34558823529411764
    },
    "Audit Rights": {
      "f1": 0.9,
      "precision": 0.8490566037735849,
      "recall": 0.9574468085106383,
      "n_positive": 47,
      "threshold": 0.40931372549019607
    },
    "Uncapped Liability": {
      "f1": 0.6333333333333333,
      "precision": 0.5277777777777778,
      "recall": 0.7916666666666666,
      "n_positive": 24,
      "threshold": 0.21323529411764705
    },
    "Cap On Liability": {
      "f1": 0.912,
      "precision": 0.9344262295081968,
      "recall": 0.890625,
      "n_positive": 64,
      "threshold": 0.5171568627450981
    },
    "Liquidated Damages": {
      "f1": 0.5185185185185185,
      "precision": 0.5384615384615384,
      "recall": 0.5,
      "n_positive": 14,
      "threshold": 0.11519607843137254
    },
    "Warranty Duration": {
      "f1": 0.6153846153846154,
      "precision": 0.7272727272727273,
      "recall": 0.5333333333333333,
      "n_positive": 15,
      "threshold": 0.14705882352941177
    },
    "Insurance": {
      "f1": 0.8888888888888888,
      "precision": 0.8,
      "recall": 1.0,
      "n_positive": 32,
      "threshold": 0.3284313725490196
    },
    "Covenant Not To Sue": {
      "f1": 0.7555555555555555,
      "precision": 0.68,
      "recall": 0.85,
      "n_positive": 20,
      "threshold": 0.19607843137254902
    },
    "Third Party Beneficiary": {
      "f1": 0.5555555555555556,
      "precision": 0.5555555555555556,
      "recall": 0.5555555555555556,
      "n_positive": 9,
      "threshold": 0.056372549019607844
    }
  },
  "thresholds": {
    "Renewal Term": 0.35049019607843135,
    "Notice Period To Terminate Renewal": 0.22549019607843138,
    "Governing Law": 0.8480392156862745,
    "Most Favored Nation": 0.051470588235294115,
    "Non-Compete": 0.3014705882352941,
    "No-Solicit Of Customers": 0.06372549019607843,
    "No-Solicit Of Employees": 0.11519607843137254,
    "Non-Disparagement": 0.07598039215686274,
    "Termination For Convenience": 0.3553921568627451,
    "ROFR/ROFO/ROFN": 0.16666666666666666,
    "Change Of Control": 0.2426470588235294,
    "Anti-Assignment": 0.7328431372549019,
    "Revenue/Profit Sharing": 0.34068627450980393,
    "Minimum Commitment": 0.3235294117647059,
    "Volume Restriction": 0.15931372549019607,
    "IP Ownership Assignment": 0.24754901960784315,
    "License Grant": 0.5024509803921569,
    "Non-Transferable License": 0.28431372549019607,
    "Unlimited/All-You-Can-Eat-License": 0.03431372549019608,
    "Post-Termination Services": 0.34558823529411764,
    "Audit Rights": 0.40931372549019607,
    "Uncapped Liability": 0.21323529411764705,
    "Cap On Liability": 0.5171568627450981,
    "Liquidated Damages": 0.11519607843137254,
    "Warranty Duration": 0.14705882352941177,
    "Insurance": 0.3284313725490196,
    "Covenant Not To Sue": 0.19607843137254902,
    "Third Party Beneficiary": 0.056372549019607844
  },
  "inference_ms_per_contract": 8.55568577261532,